Invoice_ID,Vendor_ID,Vendor_Name,PO_ID,Item_Code,Invoice_Qty,Invoice_Price,Invoice_Date,Invoice_Amount,Status,Mismatch_Type
INV000001,V0046,"Lopez, Nelson and Martin",PO000227,IT-019,470,4131.44,2025-08-22,1941776.8,Pending,None
INV000002,V0027,Drake-Diaz,PO000070,IT-046,387,46231.92,2025-05-12,17891753.04,Pending,None
INV000003,V0027,Drake-Diaz,PO000151,RAW-021,159,1728.73,2025-09-20,274868.07,Pending,None
INV000004,V0025,"Blair, Davidson and Mitchell",PO000434,IT-066,114,16580.12,2025-06-26,1890133.68,Pending,None
INV000005,V0015,Johnson-Williamson,PO000498,RAW-033,295,29067.86,2025-09-13,8575018.7,Pending,None
INV000006,V0033,Duarte-Hopkins,PO000363,IT-012,29,6938.12,2025-04-29,201205.48,Pending,None
INV000007,V0048,"Guerra, Kelly and Burns",PO000487,RAW-048,410,12196.97,2025-09-29,5000757.7,Pending,None
INV000008,V0029,Hammond and Sons,PO000319,IT-091,324,49907.71,2025-05-30,16170098.04,Pending,None
INV000009,V0039,Harvey and Sons,PO000495,IT-028,403,12486.73,2025-05-20,5032152.19,Pending,None
INV000010,V0028,Webb LLC,PO000292,IT-057,390,22611.29,2025-06-09,8818403.1,Pending,None
INV000011,V0031,Houston Ltd,PO000374,IT-036,275,10446.35,2025-05-11,2872746.25,Pending,None
INV000012,V0049,Grant Ltd,PO000026,RAW-039,498,38953.46,2025-06-07,19398823.08,Pending,None
INV000013,V0011,"Cox, Thomas and Todd",PO000155,RAW-046,481,14501.67,2025-07-26,6975303.27,Pending,None
INV000014,V0035,Wilson-Acosta,PO000211,IT-100,242,18613.47,2025-06-14,4504459.74,Pending,None
INV000015,V0042,Flores-Brooks,PO000154,IT-069,383,7197.59,2025-06-18,2756676.97,Pending,None
INV000016,V0012,"Garcia, Griffith and Nash",PO000285,RAW-013,32,20601.84,2025-06-25,659258.88,Pending,None
INV000017,V0034,"Casey, Cook and Brown",PO000033,IT-031,136,11312.4,2025-08-25,1538486.4,Pending,None
INV000018,V0042,Flores-Brooks,PO000265,IT-081,87,22044.16,2025-07-26,1917841.92,Pending,None
INV000019,V0039,Harvey and Sons,PO000097,RAW-014,323,40768.82,2025-08-07,13168328.86,Pending,None
INV000020,V0032,Sosa PLC,PO000367,IT-077,253,40805.87,2025-09-14,10323885.11,Pending,None
INV000021,V0026,"Jones, Rivera and Williams",PO000440,RAW-042,174,38798.14,2025-07-23,6750876.36,Pending,None
INV000022,V0039,Harvey and Sons,PO000197,IT-074,407,39963.12,2025-09-15,16264989.84,Pending,None
INV000023,V0018,"Rogers, Tran and Shea",PO000042,IT-064,457,46170.95,2025-09-22,21100124.15,Pending,None
INV000024,V0030,Hicks Group,PO000264,RAW-049,239,34088.56,2025-10-10,8147165.84,Pending,None
INV000025,V0044,Marsh-Matthews,PO000276,IT-073,139,36214.31,2025-07-27,5033789.09,Pending,None
INV000026,V0035,Wilson-Acosta,PO000408,IT-043,177,42738.85,2025-06-17,7564776.45,Pending,None
INV000027,V0030,Hicks Group,PO000095,RAW-043,137,45881.75,2025-05-24,6285799.75,Pending,None
INV000028,V0005,"Garcia, Alvarez and Parker",PO000234,IT-022,57,21650.64,2025-05-23,1234086.48,Pending,None
INV000029,V0047,Thomas-Robertson,PO000078,RAW-012,320,49213.37,2025-07-08,15748278.4,Pending,None
INV000030,V0025,"Blair, Davidson and Mitchell",PO000184,RAW-025,456,27096.7,2025-07-19,12356095.2,Pending,None
INV000031,V0048,"Guerra, Kelly and Burns",PO000366,IT-087,269,41431.64,2025-07-27,11145111.16,Pending,None
INV000032,V0030,Hicks Group,PO000177,IT-049,367,12016.4,2025-08-12,4410018.8,Pending,None
INV000033,V0017,Jenkins-Lee,PO000144,IT-030,430,3360.64,2025-08-23,1445075.2,Pending,None
INV000034,V0024,Meza PLC,PO000202,RAW-029,335,13699.11,2025-10-03,4589201.85,Pending,None
INV000035,V0033,Duarte-Hopkins,PO000393,IT-070,108,40459.81,2025-08-16,4369659.48,Pending,None
INV000036,V0035,Wilson-Acosta,PO000301,RAW-032,304,12172.71,2025-05-22,3700503.84,Pending,None
INV000037,V0040,Caldwell-Thomas,PO000483,RAW-018,64,6860.93,2025-06-18,439099.52,Pending,None
INV000038,V0018,"Rogers, Tran and Shea",PO000488,IT-094,68,46610.15,2025-08-24,3169490.2,Pending,None
INV000039,V0009,"Wood, Mays and Williams",PO000084,RAW-008,350,47024.15,2025-06-09,16458452.5,Pending,None
INV000040,V0002,Madden-Santiago,PO000242,IT-070,369,38144.23,2025-06-20,14075220.87,Pending,None
INV000041,V0004,Brown-Lee,PO000104,RAW-008,209,45251.44,2025-06-26,9457550.96,Pending,None
INV000042,V0049,Grant Ltd,PO000443,IT-053,199,15714.81,2025-07-22,3127247.19,Pending,None
INV000043,V0003,Sheppard-Wilson,PO000284,IT-034,315,18898.32,2025-08-01,5952970.8,Pending,None
INV000044,V0048,"Guerra, Kelly and Burns",PO000473,IT-082,194,5416.89,2025-09-03,1050876.66,Pending,None
INV000045,V0026,"Jones, Rivera and Williams",PO000251,IT-002,114,15140.83,2025-05-13,1726054.62,Pending,None
INV000046,V0039,Harvey and Sons,PO000119,IT-042,169,5494.13,2025-05-25,928507.97,Pending,None
INV000047,V0018,"Rogers, Tran and Shea",PO000480,IT-069,262,7382.15,2025-08-13,1934123.3,Pending,None
INV000048,V0013,Turner LLC,PO000138,RAW-024,151,36256.79,2025-06-15,5474775.29,Pending,None
INV000049,V0015,Johnson-Williamson,PO000015,IT-081,215,13460.27,2025-05-26,2893958.05,Pending,None
INV000050,V0033,Duarte-Hopkins,PO000261,RAW-036,271,9775.79,2025-06-01,2649239.09,Pending,None
INV000051,V0009,"Wood, Mays and Williams",PO000337,IT-047,403,48316.6,2025-09-20,19471589.8,Pending,None
INV000052,V0017,Jenkins-Lee,PO000018,RAW-010,469,29218.29,2025-10-08,13703378.01,Pending,None
INV000053,V0020,Carney-Black,PO000148,RAW-010,166,28474.61,2025-09-15,4726785.26,Pending,None
INV000054,V0005,"Garcia, Alvarez and Parker",PO000465,IT-042,298,12099.56,2025-07-28,3605668.88,Pending,None
INV000055,V0047,Thomas-Robertson,PO000343,RAW-045,31,41279.29,2025-08-01,1279657.99,Pending,None
INV000056,V0030,Hicks Group,PO000096,RAW-019,351,26603.48,2025-06-10,9337821.48,Pending,None
INV000057,V0003,Sheppard-Wilson,PO000187,IT-015,160,17987.32,2025-07-23,2877971.2,Pending,None
INV000058,V0002,Madden-Santiago,PO000108,IT-087,352,33989.18,2025-08-02,11964191.36,Pending,None
INV000059,V0004,Brown-Lee,PO000356,RAW-027,315,44128.74,2025-07-25,13900553.1,Pending,None
INV000060,V0044,Marsh-Matthews,PO000361,IT-033,59,19755.8,2025-06-10,1165592.2,Pending,None
INV000061,V0005,"Garcia, Alvarez and Parker",PO000218,IT-054,310,10875.97,2025-09-20,3371550.7,Pending,None
INV000062,V0008,Riley-Stevens,PO000299,IT-062,224,31983.69,2025-05-10,7164346.56,Pending,None
INV000063,V0028,Webb LLC,PO000233,IT-066,201,47684.27,2025-07-29,9584538.27,Pending,None
INV000064,V0023,Anderson-Swanson,PO000075,RAW-003,357,49059.37,2025-08-27,17514195.09,Pending,None
INV000065,V0037,"Johnson, Parker and Webb",PO000372,IT-049,19,22107.82,2025-06-12,420048.58,Pending,None
INV000066,V0009,"Wood, Mays and Williams",PO000002,RAW-040,54,29565.58,2025-06-05,1596541.32,Pending,None
INV000067,V0043,"Thornton, Osborne and Goodwin",PO000280,IT-024,340,33555.76,2025-09-16,11408958.4,Pending,None
INV000068,V0028,Webb LLC,PO000420,IT-098,431,11560.24,2025-09-13,4982463.44,Pending,None
INV000069,V0042,Flores-Brooks,PO000346,RAW-024,135,40253.94,2025-07-24,5434281.9,Pending,None
INV000070,V0008,Riley-Stevens,PO000137,IT-081,71,37169.77,2025-06-26,2639053.67,Pending,None
INV000071,V0019,Park-Harris,PO000302,IT-001,324,17705.52,2025-08-16,5736588.48,Pending,None
INV000072,V0029,Hammond and Sons,PO000128,RAW-019,301,30555.55,2025-07-09,9197220.55,Pending,None
INV000073,V0024,Meza PLC,PO000323,RAW-046,26,30294.23,2025-08-13,787649.98,Pending,None
INV000074,V0020,Carney-Black,PO000458,IT-009,57,20323.39,2025-06-10,1158433.23,Pending,None
INV000075,V0031,Houston Ltd,PO000176,IT-086,292,38167.35,2025-07-28,11144866.2,Pending,None
INV000076,V0045,Cooke PLC,PO000133,RAW-026,239,39667.35,2025-08-29,9480496.65,Pending,None
INV000077,V0016,"Rogers, Gonzalez and Ferrell",PO000052,IT-011,327,4190.97,2025-10-18,1370447.19,Pending,None
INV000078,V0005,"Garcia, Alvarez and Parker",PO000267,RAW-019,241,1976.6,2025-07-18,476360.6,Pending,None
INV000079,V0018,"Rogers, Tran and Shea",PO000141,IT-014,293,14677.62,2025-05-23,4300542.66,Pending,None
INV000080,V0028,Webb LLC,PO000396,IT-084,54,20101.58,2025-09-16,1085485.32,Pending,None
INV000081,V0003,Sheppard-Wilson,PO000308,RAW-040,183,40694.09,2025-07-29,7447018.47,Pending,None
INV000082,V0001,Hill-Burgess,PO000080,RAW-038,361,35999.56,2025-09-26,12995841.16,Pending,None
INV000083,V0014,"Rodriguez, Coleman and Bennett",PO000118,IT-066,402,18507.87,2025-08-31,7440163.74,Pending,None
INV000084,V0043,"Thornton, Osborne and Goodwin",PO000047,IT-040,107,14905.72,2025-09-24,1594912.04,Pending,None
INV000085,V0005,"Garcia, Alvarez and Parker",PO000283,IT-026,269,38566.65,2025-07-18,10374428.85,Pending,None
INV000086,V0037,"Johnson, Parker and Webb",PO000053,IT-081,488,13112.21,2025-09-11,6398758.48,Pending,None
INV000087,V0012,"Garcia, Griffith and Nash",PO000263,IT-020,100,47569.48,2025-06-19,4756948.0,Pending,None
INV000088,V0041,Vasquez-Ward,PO000371,IT-038,430,34068.27,2025-07-26,14649356.1,Pending,None
INV000089,V0042,Flores-Brooks,PO000336,RAW-016,248,34037.44,2025-05-21,8441285.12,Pending,None
INV000090,V0029,Hammond and Sons,PO000435,IT-024,284,36256.78,2025-08-26,10296925.52,Pending,None
INV000091,V0035,Wilson-Acosta,PO000206,RAW-017,198,33674.14,2025-06-12,6667479.72,Pending,None
INV000092,V0019,Park-Harris,PO000340,IT-065,110,31789.35,2025-05-23,3496828.5,Pending,None
INV000093,V0047,Thomas-Robertson,PO000412,RAW-002,140,40841.02,2025-05-22,5717742.8,Pending,None
INV000094,V0030,Hicks Group,PO000024,IT-068,266,38121.91,2025-05-08,10140428.06,Pending,None
INV000095,V0046,"Lopez, Nelson and Martin",PO000273,RAW-013,278,26185.13,2025-08-27,7279466.14,Pending,None
INV000096,V0019,Park-Harris,PO000380,RAW-047,356,27205.22,2025-06-03,9685058.32,Pending,None
INV000097,V0047,Thomas-Robertson,PO000231,RAW-011,241,44415.74,2025-06-16,10704193.34,Pending,None
INV000098,V0023,Anderson-Swanson,PO000313,IT-085,149,6311.3,2025-05-13,940383.7,Pending,None
INV000099,V0010,Stephenson-Levy,PO000247,IT-013,355,4170.92,2025-06-09,1480676.6,Pending,None
INV000100,V0049,Grant Ltd,PO000023,IT-088,67,14745.66,2025-07-29,987959.22,Pending,None
INV000101,V0024,Meza PLC,PO000333,RAW-042,76,30636.22,2025-09-13,2328352.72,Pending,None
INV000102,V0002,Madden-Santiago,PO000297,IT-056,437,7561.03,2025-07-25,3304170.11,Pending,None
INV000103,V0009,"Wood, Mays and Williams",PO000067,IT-079,196,44959.18,2025-05-07,8811999.28,Pending,None
INV000104,V0038,Alexander Group,PO000489,IT-047,359,38404.13,2025-09-08,13787082.67,Pending,None
INV000105,V0039,Harvey and Sons,PO000477,IT-099,12,14663.18,2025-07-18,175958.16,Pending,None
INV000106,V0042,Flores-Brooks,PO000449,RAW-035,27,41969.52,2025-05-22,1133177.04,Pending,None
INV000107,V0022,"Stuart, Dickerson and Hopkins",PO000232,RAW-003,222,36507.66,2025-08-25,8104700.52,Pending,None
INV000108,V0038,Alexander Group,PO000207,IT-096,65,33774.34,2025-08-01,2195332.1,Pending,None
INV000109,V0047,Thomas-Robertson,PO000426,IT-082,305,29936.09,2025-09-23,9130507.45,Pending,None
INV000110,V0026,"Jones, Rivera and Williams",PO000074,IT-072,452,3564.1,2025-07-26,1610973.2,Pending,None
INV000111,V0015,Johnson-Williamson,PO000389,IT-010,477,46081.4,2025-09-07,21980827.8,Pending,None
INV000112,V0044,Marsh-Matthews,PO000250,RAW-035,351,15490.13,2025-09-04,5437035.63,Pending,None
INV000113,V0031,Houston Ltd,PO000143,RAW-013,184,9299.75,2025-09-26,1711154.0,Pending,None
INV000114,V0023,Anderson-Swanson,PO000115,IT-018,409,47868.55,2025-06-16,19578236.95,Pending,None
INV000115,V0030,Hicks Group,PO000216,IT-055,338,32010.7,2025-05-26,10819616.6,Pending,None
INV000116,V0043,"Thornton, Osborne and Goodwin",PO000450,IT-002,221,6960.83,2025-05-28,1538343.43,Pending,None
INV000117,V0043,"Thornton, Osborne and Goodwin",PO000492,RAW-009,414,18911.84,2025-06-14,7829501.76,Pending,None
INV000118,V0038,Alexander Group,PO000193,RAW-009,363,12579.9,2025-07-25,4566503.7,Pending,None
INV000119,V0024,Meza PLC,PO000140,IT-078,14,35430.12,2025-06-14,496021.68,Pending,None
INV000120,V0023,Anderson-Swanson,PO000198,IT-049,327,12606.28,2025-06-20,4122253.56,Pending,None
INV000121,V0024,Meza PLC,PO000416,RAW-015,455,45864.04,2025-08-09,20868138.2,Pending,None
INV000122,V0034,"Casey, Cook and Brown",PO000223,IT-017,253,22468.93,2025-05-23,5684639.29,Pending,None
INV000123,V0024,Meza PLC,PO000274,IT-073,208,20497.59,2025-08-30,4263498.72,Pending,None
INV000124,V0019,Park-Harris,PO000134,RAW-004,364,12240.93,2025-06-27,4455698.52,Pending,None
INV000125,V0005,"Garcia, Alvarez and Parker",PO000123,IT-088,16,42493.82,2025-09-18,679901.12,Pending,None
INV000126,V0019,Park-Harris,PO000257,RAW-004,20,48313.36,2025-06-10,966267.2,Pending,None
INV000127,V0013,Turner LLC,PO000289,IT-065,36,32094.83,2025-06-13,1155413.88,Pending,None
INV000128,V0013,Turner LLC,PO000194,RAW-024,47,11936.56,2025-08-08,561018.32,Pending,None
INV000129,V0007,Garcia-Jordan,PO000468,IT-060,439,3893.31,2025-08-27,1709163.09,Pending,None
INV000130,V0034,"Casey, Cook and Brown",PO000325,RAW-002,170,32513.08,2025-08-16,5527223.6,Pending,None
INV000131,V0046,"Lopez, Nelson and Martin",PO000272,RAW-030,340,8710.69,2025-05-24,2961634.6,Pending,None
INV000132,V0021,Pierce-Leblanc,PO000222,IT-045,145,2714.71,2025-05-01,393632.95,Pending,None
INV000133,V0017,Jenkins-Lee,PO000306,IT-092,358,3471.22,2025-05-30,1242696.76,Pending,None
INV000134,V0003,Sheppard-Wilson,PO000391,IT-077,300,30178.87,2025-05-28,9053661.0,Pending,None
INV000135,V0008,Riley-Stevens,PO000407,RAW-041,389,25323.8,2025-05-27,9850958.2,Pending,None
INV000136,V0010,Stephenson-Levy,PO000017,IT-036,110,37274.95,2025-07-16,4100244.5,Pending,None
INV000137,V0009,"Wood, Mays and Williams",PO000365,IT-082,93,19708.43,2025-07-16,1832883.99,Pending,None
INV000138,V0041,Vasquez-Ward,PO000153,IT-051,227,5827.34,2025-10-25,1322806.18,Pending,None
INV000139,V0042,Flores-Brooks,PO000342,RAW-049,81,8642.91,2025-06-10,700075.71,Pending,None
INV000140,V0018,"Rogers, Tran and Shea",PO000351,IT-064,82,4930.9,2025-09-04,404333.8,Pending,None
INV000141,V0033,Duarte-Hopkins,PO000321,IT-008,83,42448.6,2025-06-11,3523233.8,Pending,None
INV000142,V0043,"Thornton, Osborne and Goodwin",PO000089,IT-024,429,47604.78,2025-08-03,20422450.62,Pending,None
INV000143,V0008,Riley-Stevens,PO000418,RAW-038,211,26489.24,2025-06-29,5589229.64,Pending,None
INV000144,V0010,Stephenson-Levy,PO000117,IT-033,252,33506.0,2025-07-13,8443512.0,Pending,None
INV000145,V0024,Meza PLC,PO000166,RAW-014,399,2675.43,2025-09-27,1067496.57,Pending,None
INV000146,V0008,Riley-Stevens,PO000327,IT-067,370,22369.03,2025-07-19,8276541.1,Pending,None
INV000147,V0011,"Cox, Thomas and Todd",PO000394,IT-066,377,9391.33,2025-08-23,3540531.41,Pending,None
INV000148,V0007,Garcia-Jordan,PO000461,IT-011,127,10649.71,2025-09-06,1352513.17,Pending,None
INV000149,V0020,Carney-Black,PO000086,IT-054,230,39309.37,2025-07-16,9041155.1,Pending,None
INV000150,V0036,"Ray, Doyle and Evans",PO000290,RAW-033,445,6321.42,2025-06-04,2813031.9,Pending,None
INV000151,V0016,"Rogers, Gonzalez and Ferrell",PO000259,RAW-003,278,4024.49,2025-08-06,1118808.22,Pending,None
INV000152,V0033,Duarte-Hopkins,PO000230,IT-026,416,35118.79,2025-08-05,14609416.64,Pending,None
INV000153,V0019,Park-Harris,PO000357,IT-003,443,5464.1,2025-10-09,2420596.3,Pending,None
INV000154,V0004,Brown-Lee,PO000040,IT-087,419,43097.46,2025-08-17,18057835.74,Pending,None
INV000155,V0017,Jenkins-Lee,PO000114,RAW-021,19,37476.31,2025-05-22,712049.89,Pending,None
INV000156,V0012,"Garcia, Griffith and Nash",PO000471,IT-098,53,38631.15,2025-10-18,2047450.95,Pending,None
INV000157,V0023,Anderson-Swanson,PO000073,IT-059,124,1280.86,2025-07-13,158826.64,Pending,None
INV000158,V0032,Sosa PLC,PO000157,IT-021,316,2089.05,2025-09-03,660139.8,Pending,None
INV000159,V0024,Meza PLC,PO000404,RAW-041,477,23594.32,2025-08-09,11254490.64,Pending,None
INV000160,V0027,Drake-Diaz,PO000387,RAW-023,343,10052.85,2025-08-20,3448127.55,Pending,None
INV000161,V0033,Duarte-Hopkins,PO000338,IT-032,275,7735.47,2025-05-24,2127254.25,Pending,None
INV000162,V0007,Garcia-Jordan,PO000124,IT-093,246,44589.59,2025-08-23,10969039.14,Pending,None
INV000163,V0003,Sheppard-Wilson,PO000210,IT-078,262,5894.41,2025-05-08,1544335.42,Pending,None
INV000164,V0040,Caldwell-Thomas,PO000384,IT-062,134,2633.19,2025-09-30,352847.46,Pending,None
INV000165,V0032,Sosa PLC,PO000442,IT-026,421,49067.79,2025-09-03,20657539.59,Pending,None
INV000166,V0017,Jenkins-Lee,PO000398,IT-061,238,37712.46,2025-08-05,8975565.48,Pending,None
INV000167,V0049,Grant Ltd,PO000291,IT-070,240,45274.78,2025-06-11,10865947.2,Pending,None
INV000168,V0016,"Rogers, Gonzalez and Ferrell",PO000054,RAW-002,77,33617.34,2025-06-26,2588535.18,Pending,None
INV000169,V0022,"Stuart, Dickerson and Hopkins",PO000136,RAW-017,148,15400.49,2025-07-29,2279272.52,Pending,None
INV000170,V0029,Hammond and Sons,PO000410,RAW-017,70,25711.07,2025-06-05,1799774.9,Pending,None
INV000171,V0023,Anderson-Swanson,PO000243,IT-047,455,7248.25,2025-05-16,3297953.75,Pending,None
INV000172,V0022,"Stuart, Dickerson and Hopkins",PO000180,RAW-013,61,26344.96,2025-05-31,1607042.56,Pending,None
INV000173,V0033,Duarte-Hopkins,PO000171,RAW-007,437,24176.73,2025-07-30,10565231.01,Pending,None
INV000174,V0009,"Wood, Mays and Williams",PO000332,RAW-027,23,18108.74,2025-07-20,416501.02,Pending,None
INV000175,V0025,"Blair, Davidson and Mitchell",PO000079,IT-049,140,2314.89,2025-09-18,324084.6,Pending,None
INV000176,V0009,"Wood, Mays and Williams",PO000221,IT-092,414,39442.73,2025-05-13,16329290.22,Pending,None
INV000177,V0016,"Rogers, Gonzalez and Ferrell",PO000101,IT-086,173,44662.04,2025-07-05,7726532.92,Pending,None
INV000178,V0005,"Garcia, Alvarez and Parker",PO000036,IT-061,152,33481.99,2025-09-11,5089262.48,Pending,None
INV000179,V0002,Madden-Santiago,PO000034,RAW-042,127,29463.16,2025-10-01,3741821.32,Pending,None
INV000180,V0046,"Lopez, Nelson and Martin",PO000125,RAW-012,100,36716.39,2025-06-26,3671639.0,Pending,None
INV000181,V0039,Harvey and Sons,PO000493,RAW-050,215,26764.93,2025-09-26,5754459.95,Pending,None
INV000182,V0031,Houston Ltd,PO000312,IT-010,395,32380.33,2025-07-24,12790230.35,Pending,None
INV000183,V0007,Garcia-Jordan,PO000056,RAW-038,119,25343.65,2025-06-01,3015894.35,Pending,None
INV000184,V0045,Cooke PLC,PO000296,RAW-021,239,30805.88,2025-06-16,7362605.32,Pending,None
INV000185,V0005,"Garcia, Alvarez and Parker",PO000121,IT-027,366,38646.8,2025-07-11,14144728.8,Pending,None
INV000186,V0040,Caldwell-Thomas,PO000085,IT-078,217,27442.07,2025-09-30,5954929.19,Pending,None
INV000187,V0037,"Johnson, Parker and Webb",PO000238,IT-055,89,32871.14,2025-08-30,2925531.46,Pending,None
INV000188,V0029,Hammond and Sons,PO000270,IT-049,174,30289.79,2025-09-27,5270423.46,Pending,None
INV000189,V0003,Sheppard-Wilson,PO000091,RAW-022,322,42501.91,2025-07-16,13685615.02,Pending,None
INV000190,V0030,Hicks Group,PO000441,IT-092,167,13151.93,2025-09-16,2196372.31,Pending,None
INV000191,V0021,Pierce-Leblanc,PO000388,IT-016,474,38459.38,2025-07-23,18229746.12,Pending,None
INV000192,V0007,Garcia-Jordan,PO000025,RAW-030,321,10025.66,2025-07-21,3218236.86,Pending,None
INV000193,V0043,"Thornton, Osborne and Goodwin",PO000405,IT-064,358,37761.5,2025-06-17,13518617.0,Pending,None
INV000194,V0002,Madden-Santiago,PO000003,IT-056,129,25317.23,2025-06-01,3265922.67,Pending,None
INV000195,V0049,Grant Ltd,PO000113,IT-072,395,47565.09,2025-08-07,18788210.55,Pending,None
INV000196,V0004,Brown-Lee,PO000452,RAW-025,18,429.96,2025-09-18,7739.28,Pending,None
INV000197,V0031,Houston Ltd,PO000462,IT-012,483,3809.97,2025-07-11,1840215.51,Pending,None
INV000198,V0035,Wilson-Acosta,PO000494,IT-093,369,44785.53,2025-05-16,16525860.57,Pending,None
INV000199,V0010,Stephenson-Levy,PO000006,IT-087,62,4728.02,2025-07-01,293137.24,Pending,None
INV000200,V0046,"Lopez, Nelson and Martin",PO000061,IT-053,361,31748.47,2025-07-16,11461197.67,Pending,None
INV000201,V0027,Drake-Diaz,PO000491,IT-036,334,15211.35,2025-08-30,5080590.9,Pending,None
INV000202,V0041,Vasquez-Ward,PO000142,IT-027,456,712.04,2025-09-28,324690.24,Pending,None
INV000203,V0012,"Garcia, Griffith and Nash",PO000390,RAW-002,413,24819.66,2025-05-28,10250519.58,Pending,None
INV000204,V0038,Alexander Group,PO000445,IT-076,88,9889.97,2025-08-28,870317.36,Pending,None
INV000205,V0047,Thomas-Robertson,PO000109,RAW-020,480,6468.63,2025-06-27,3104942.4,Pending,None
INV000206,V0019,Park-Harris,PO000268,IT-024,324,29744.58,2025-05-24,9637243.92,Pending,None
INV000207,V0050,Miller Inc,PO000469,IT-084,25,31742.74,2025-08-31,793568.5,Pending,None
INV000208,V0037,"Johnson, Parker and Webb",PO000240,RAW-010,442,28092.19,2025-07-08,12416747.98,Pending,None
INV000209,V0006,Campbell-Gentry,PO000029,IT-018,399,26682.04,2025-09-17,10646133.96,Pending,None
INV000210,V0036,"Ray, Doyle and Evans",PO000065,IT-029,48,47258.04,2025-04-28,2268385.92,Pending,None
INV000211,V0049,Grant Ltd,PO000094,RAW-009,117,8876.75,2025-06-06,1038579.75,Pending,None
INV000212,V0027,Drake-Diaz,PO000069,IT-061,452,8208.84,2025-07-06,3710395.68,Pending,None
INV000213,V0020,Carney-Black,PO000028,IT-015,133,43912.68,2025-07-07,5840386.44,Pending,None
INV000214,V0032,Sosa PLC,PO000093,IT-063,85,32837.29,2025-08-02,2791169.65,Pending,None
INV000215,V0025,"Blair, Davidson and Mitchell",PO000011,RAW-017,335,41722.11,2025-07-13,13976906.85,Pending,None
INV000216,V0045,Cooke PLC,PO000402,IT-076,179,30769.81,2025-06-08,5507795.99,Pending,None
INV000217,V0037,"Johnson, Parker and Webb",PO000370,IT-014,308,24074.39,2025-06-21,7414912.12,Pending,None
INV000218,V0016,"Rogers, Gonzalez and Ferrell",PO000472,IT-022,147,7795.63,2025-06-09,1145957.61,Pending,None
INV000219,V0014,"Rodriguez, Coleman and Bennett",PO000130,IT-067,184,14054.96,2025-07-28,2586112.64,Pending,None
INV000220,V0037,"Johnson, Parker and Webb",PO000479,IT-044,360,19098.53,2025-09-24,6875470.8,Pending,None
INV000221,V0006,Campbell-Gentry,PO000132,RAW-005,260,27803.29,2025-07-05,7228855.4,Pending,None
INV000222,V0025,"Blair, Davidson and Mitchell",PO000352,IT-064,453,45125.31,2025-08-16,20441765.43,Pending,None
INV000223,V0023,Anderson-Swanson,PO000382,IT-066,392,24006.06,2025-09-13,9410375.52,Pending,None
INV000224,V0046,"Lopez, Nelson and Martin",PO000032,RAW-003,353,32528.92,2025-07-31,11482708.76,Pending,None
INV000225,V0033,Duarte-Hopkins,PO000062,IT-065,473,45417.14,2025-09-21,21482307.22,Pending,None
INV000226,V0050,Miller Inc,PO000010,IT-021,447,11716.27,2025-07-25,5237172.69,Pending,None
INV000227,V0037,"Johnson, Parker and Webb",PO000353,IT-049,400,8051.19,2025-07-31,3220476.0,Pending,None
INV000228,V0001,Hill-Burgess,PO000169,RAW-005,57,11312.56,2025-10-12,644815.92,Pending,None
INV000229,V0030,Hicks Group,PO000300,IT-029,438,45266.83,2025-05-13,19826871.54,Pending,None
INV000230,V0009,"Wood, Mays and Williams",PO000220,IT-065,418,8807.41,2025-09-19,3681497.38,Pending,None
INV000231,V0017,Jenkins-Lee,PO000447,RAW-026,245,8494.86,2025-09-17,2081240.7,Pending,None
INV000232,V0044,Marsh-Matthews,PO000090,IT-058,311,10036.58,2025-08-09,3121376.38,Pending,None
INV000233,V0037,"Johnson, Parker and Webb",PO000411,RAW-044,246,33671.11,2025-05-26,8283093.06,Pending,None
INV000234,V0019,Park-Harris,PO000454,RAW-029,426,34923.17,2025-05-21,14877270.42,Pending,None
INV000235,V0038,Alexander Group,PO000048,IT-016,392,15748.88,2025-09-22,6173560.96,Pending,None
INV000236,V0019,Park-Harris,PO000328,IT-052,72,6872.85,2025-09-28,494845.2,Pending,None
INV000237,V0022,"Stuart, Dickerson and Hopkins",PO000174,IT-069,430,228.01,2025-09-15,98044.3,Pending,None
INV000238,V0020,Carney-Black,PO000279,IT-097,339,39603.93,2025-10-01,13425732.27,Pending,None
INV000239,V0010,Stephenson-Levy,PO000228,IT-033,150,31253.44,2025-05-09,4688016.0,Pending,None
INV000240,V0009,"Wood, Mays and Williams",PO000235,IT-016,310,47835.57,2025-09-18,14829026.7,Pending,None
INV000241,V0025,"Blair, Davidson and Mitchell",PO000179,RAW-027,28,6399.69,2025-06-19,179191.32,Pending,None
INV000242,V0033,Duarte-Hopkins,PO000224,RAW-016,267,11155.33,2025-05-18,2978473.11,Pending,None
INV000243,V0020,Carney-Black,PO000347,IT-019,362,3089.66,2025-09-07,1118456.92,Pending,None
INV000244,V0041,Vasquez-Ward,PO000320,IT-020,353,31911.88,2025-06-03,11264893.64,Pending,None
INV000245,V0016,"Rogers, Gonzalez and Ferrell",PO000172,RAW-042,84,19240.94,2025-09-11,1616238.96,Pending,None
INV000246,V0010,Stephenson-Levy,PO000431,IT-097,104,37745.36,2025-07-23,3925517.44,Pending,None
INV000247,V0033,Duarte-Hopkins,PO000254,IT-091,46,19913.85,2025-09-29,916037.1,Pending,None
INV000248,V0036,"Ray, Doyle and Evans",PO000043,IT-013,343,49964.2,2025-06-23,17137720.6,Pending,None
INV000249,V0027,Drake-Diaz,PO000476,IT-007,55,17760.32,2025-05-27,976817.6,Pending,None
INV000250,V0008,Riley-Stevens,PO000326,IT-048,265,25935.49,2025-05-26,6872904.85,Pending,None
INV000251,V0009,"Wood, Mays and Williams",PO000030,RAW-041,94,13326.33,2025-09-05,1252675.02,Pending,None
INV000252,V0024,Meza PLC,PO000482,IT-064,379,31289.18,2025-07-23,11858599.22,Pending,None
INV000253,V0035,Wilson-Acosta,PO000066,IT-095,308,27671.0,2025-05-24,8522668.0,Pending,None
INV000254,V0022,"Stuart, Dickerson and Hopkins",PO000485,IT-035,163,16101.19,2025-08-14,2624493.97,Pending,None
INV000255,V0027,Drake-Diaz,PO000348,RAW-019,114,17075.61,2025-09-12,1946619.54,Pending,None
INV000256,V0011,"Cox, Thomas and Todd",PO000448,RAW-040,260,9283.98,2025-05-31,2413834.8,Pending,None
INV000257,V0034,"Casey, Cook and Brown",PO000304,RAW-030,412,49417.74,2025-10-01,20360108.88,Pending,None
INV000258,V0030,Hicks Group,PO000354,IT-079,264,1256.5,2025-09-10,331716.0,Pending,None
INV000259,V0035,Wilson-Acosta,PO000008,IT-097,50,27646.83,2025-06-19,1382341.5,Pending,None
INV000260,V0033,Duarte-Hopkins,PO000173,IT-018,151,38656.49,2025-06-27,5837129.99,Pending,None
INV000261,V0003,Sheppard-Wilson,PO000422,IT-005,133,10383.47,2025-08-31,1381001.51,Pending,None
INV000262,V0035,Wilson-Acosta,PO000463,IT-009,101,46445.44,2025-09-15,4690989.44,Pending,None
INV000263,V0015,Johnson-Williamson,PO000385,IT-014,61,20723.74,2025-07-13,1264148.14,Pending,None
INV000264,V0030,Hicks Group,PO000288,IT-098,267,26420.24,2025-07-16,7054204.08,Pending,None
INV000265,V0048,"Guerra, Kelly and Burns",PO000060,IT-040,149,14159.64,2025-09-18,2109786.36,Pending,None
INV000266,V0003,Sheppard-Wilson,PO000322,IT-018,130,38947.92,2025-06-18,5063229.6,Pending,None
INV000267,V0048,"Guerra, Kelly and Burns",PO000158,IT-065,23,4657.21,2025-08-07,107115.83,Pending,None
INV000268,V0025,"Blair, Davidson and Mitchell",PO000014,RAW-043,122,34262.25,2025-07-05,4179994.5,Pending,None
INV000269,V0045,Cooke PLC,PO000400,IT-016,351,5999.42,2025-07-05,2105796.42,Pending,None
INV000270,V0004,Brown-Lee,PO000050,IT-021,445,9372.67,2025-09-28,4170838.15,Pending,None
INV000271,V0008,Riley-Stevens,PO000020,IT-041,415,34056.01,2025-06-11,14133244.15,Pending,None
INV000272,V0015,Johnson-Williamson,PO000499,IT-096,190,23206.85,2025-08-31,4409301.5,Pending,None
INV000273,V0042,Flores-Brooks,PO000430,RAW-035,173,34845.79,2025-08-16,6028321.67,Pending,None
INV000274,V0004,Brown-Lee,PO000433,RAW-006,223,27908.61,2025-09-28,6223620.03,Pending,None
INV000275,V0028,Webb LLC,PO000255,RAW-018,481,3985.34,2025-05-03,1916948.54,Pending,None
INV000276,V0011,"Cox, Thomas and Todd",PO000339,IT-058,187,47379.41,2025-07-15,8859949.67,Pending,None
INV000277,V0004,Brown-Lee,PO000226,RAW-003,228,34336.27,2025-09-08,7828669.56,Pending,None
INV000278,V0047,Thomas-Robertson,PO000237,IT-074,317,15691.2,2025-05-16,4974110.4,Pending,None
INV000279,V0042,Flores-Brooks,PO000087,RAW-020,181,22163.77,2025-07-19,4011642.37,Pending,None
INV000280,V0001,Hill-Burgess,PO000165,RAW-019,221,2804.78,2025-09-18,619856.38,Pending,None
INV000281,V0033,Duarte-Hopkins,PO000355,IT-062,120,29208.87,2025-08-17,3505064.4,Pending,None
INV000282,V0031,Houston Ltd,PO000486,IT-046,213,48439.39,2025-07-27,10317590.07,Pending,None
INV000283,V0029,Hammond and Sons,PO000329,RAW-014,54,40544.61,2025-06-13,2189408.94,Pending,None
INV000284,V0044,Marsh-Matthews,PO000466,IT-085,206,37804.9,2025-09-21,7787809.4,Pending,None
INV000285,V0018,"Rogers, Tran and Shea",PO000341,IT-078,324,26720.55,2025-05-23,8657458.2,Pending,None
INV000286,V0039,Harvey and Sons,PO000147,RAW-034,204,22580.67,2025-07-06,4606456.68,Pending,None
INV000287,V0022,"Stuart, Dickerson and Hopkins",PO000129,RAW-027,445,16318.21,2025-05-15,7261603.45,Pending,None
INV000288,V0032,Sosa PLC,PO000213,IT-072,25,34545.01,2025-08-15,863625.25,Pending,None
INV000289,V0039,Harvey and Sons,PO000423,RAW-015,316,33633.98,2025-05-18,10628337.68,Pending,None
INV000290,V0041,Vasquez-Ward,PO000001,IT-007,389,13823.96,2025-05-31,5377520.44,Pending,None
INV000291,V0017,Jenkins-Lee,PO000164,IT-030,405,20268.34,2025-08-17,8208677.7,Pending,None
INV000292,V0041,Vasquez-Ward,PO000064,IT-042,389,22147.59,2025-06-30,8615412.51,Pending,None
INV000293,V0043,"Thornton, Osborne and Goodwin",PO000330,IT-017,291,27154.35,2025-08-02,7901915.85,Pending,None
INV000294,V0025,"Blair, Davidson and Mitchell",PO000245,RAW-017,129,7954.72,2025-09-11,1026158.88,Pending,None
INV000295,V0012,"Garcia, Griffith and Nash",PO000455,IT-025,245,7529.98,2025-06-11,1844845.1,Pending,None
INV000296,V0017,Jenkins-Lee,PO000358,RAW-004,197,2357.6,2025-07-24,464447.2,Pending,None
INV000297,V0023,Anderson-Swanson,PO000195,IT-076,368,14832.01,2025-09-29,5458179.68,Pending,None
INV000298,V0039,Harvey and Sons,PO000139,IT-026,436,9786.47,2025-07-29,4266900.92,Pending,None
INV000299,V0035,Wilson-Acosta,PO000383,RAW-044,366,13653.91,2025-07-11,4997331.06,Pending,None
INV000300,V0009,"Wood, Mays and Williams",PO000403,IT-040,242,37411.97,2025-09-18,9053696.74,Pending,None
INV000301,V0003,Sheppard-Wilson,PO000225,IT-078,244,32202.7,2025-09-24,7857458.8,Pending,None
INV000302,V0029,Hammond and Sons,PO000099,IT-064,440,31919.31,2025-07-17,14044496.4,Pending,None
INV000303,V0005,"Garcia, Alvarez and Parker",PO000185,IT-074,126,37363.64,2025-07-01,4707818.64,Pending,None
INV000304,V0030,Hicks Group,PO000204,IT-037,396,48328.36,2025-05-31,19138030.56,Pending,None
INV000305,V0002,Madden-Santiago,PO000305,RAW-021,32,31819.97,2025-08-12,1018239.04,Pending,None
INV000306,V0024,Meza PLC,PO000281,IT-093,168,9095.12,2025-05-19,1527980.16,Pending,None
INV000307,V0038,Alexander Group,PO000077,IT-010,65,29868.91,2025-07-12,1941479.15,Pending,None
INV000308,V0024,Meza PLC,PO000324,RAW-014,400,3936.58,2025-08-16,1574632.0,Pending,None
INV000309,V0005,"Garcia, Alvarez and Parker",PO000145,IT-014,87,7544.96,2025-10-15,656411.52,Pending,None
INV000310,V0005,"Garcia, Alvarez and Parker",PO000334,RAW-002,377,35971.6,2025-07-31,13561293.2,Pending,None
INV000311,V0034,"Casey, Cook and Brown",PO000406,RAW-036,370,18153.06,2025-08-19,6716632.2,Pending,None
INV000312,V0031,Houston Ltd,PO000160,RAW-014,479,13980.01,2025-09-24,6696424.79,Pending,None
INV000313,V0040,Caldwell-Thomas,PO000149,IT-054,330,10630.16,2025-05-23,3507952.8,Pending,None
INV000314,V0042,Flores-Brooks,PO000183,IT-085,446,33750.44,2025-06-09,15052696.24,Pending,None
INV000315,V0028,Webb LLC,PO000031,RAW-039,396,36523.56,2025-06-28,14463329.76,Pending,None
INV000316,V0018,"Rogers, Tran and Shea",PO000005,IT-041,367,21188.46,2025-05-19,7776164.82,Pending,None
INV000317,V0004,Brown-Lee,PO000217,IT-063,74,39370.21,2025-08-11,2913395.54,Pending,None
INV000318,V0040,Caldwell-Thomas,PO000377,IT-050,431,12401.3,2025-09-16,5344960.3,Pending,None
INV000319,V0012,"Garcia, Griffith and Nash",PO000315,RAW-028,198,46223.09,2025-09-19,9152171.82,Pending,None
INV000320,V0030,Hicks Group,PO000191,RAW-018,140,33375.35,2025-07-17,4672549.0,Pending,None
INV000321,V0032,Sosa PLC,PO000470,IT-092,293,47063.03,2025-07-07,13789467.79,Pending,None
INV000322,V0030,Hicks Group,PO000156,RAW-004,492,13685.09,2025-07-31,6733064.28,Pending,None
INV000323,V0018,"Rogers, Tran and Shea",PO000196,RAW-045,452,34321.39,2025-05-28,15513268.28,Pending,None
INV000324,V0023,Anderson-Swanson,PO000007,IT-068,423,2268.18,2025-08-14,959440.14,Pending,None
INV000325,V0037,"Johnson, Parker and Webb",PO000256,RAW-047,217,35504.0,2025-09-11,7704368.0,Pending,None
INV000326,V0040,Caldwell-Thomas,PO000456,IT-065,427,17786.61,2025-09-25,7594882.47,Pending,None
INV000327,V0024,Meza PLC,PO000081,IT-018,495,33245.46,2025-09-01,16456502.7,Pending,None
INV000328,V0024,Meza PLC,PO000009,IT-050,315,3570.8,2025-10-04,1124802.0,Pending,None
INV000329,V0020,Carney-Black,PO000399,RAW-047,15,13151.5,2025-10-10,197272.5,Pending,None
INV000330,V0029,Hammond and Sons,PO000266,IT-071,312,2902.99,2025-07-09,905732.88,Pending,None
INV000331,V0021,Pierce-Leblanc,PO000162,IT-042,178,20641.09,2025-06-25,3674114.02,Pending,None
INV000332,V0039,Harvey and Sons,PO000369,IT-068,345,39166.91,2025-09-12,13512583.95,Pending,None
INV000333,V0023,Anderson-Swanson,PO000262,IT-061,62,7407.57,2025-06-02,459269.34,Pending,None
INV000334,V0047,Thomas-Robertson,PO000246,RAW-046,315,4339.36,2025-07-10,1366898.4,Pending,None
INV000335,V0027,Drake-Diaz,PO000453,IT-005,281,36137.42,2025-05-10,10154615.02,Pending,None
INV000336,V0028,Webb LLC,PO000481,RAW-008,163,24263.14,2025-07-03,3954891.82,Pending,None
INV000337,V0020,Carney-Black,PO000146,IT-064,70,27947.84,2025-06-15,1956348.8,Pending,None
INV000338,V0024,Meza PLC,PO000135,RAW-042,281,17253.49,2025-09-18,4848230.69,Pending,None
INV000339,V0038,Alexander Group,PO000413,IT-012,226,17291.99,2025-05-21,3907989.74,Pending,None
INV000340,V0002,Madden-Santiago,PO000208,IT-084,478,30543.1,2025-09-29,14599601.8,Pending,None
INV000341,V0006,Campbell-Gentry,PO000044,IT-043,218,24333.49,2025-07-18,5304700.82,Pending,None
INV000342,V0017,Jenkins-Lee,PO000203,IT-076,392,43532.81,2025-09-15,17064861.52,Pending,None
INV000343,V0020,Carney-Black,PO000120,IT-097,213,47079.38,2025-10-11,10027907.94,Pending,None
INV000344,V0013,Turner LLC,PO000041,RAW-038,239,7095.1,2025-06-21,1695728.9,Pending,None
INV000345,V0006,Campbell-Gentry,PO000063,IT-071,32,276.93,2025-08-14,8861.76,Pending,None
INV000346,V0019,Park-Harris,PO000392,RAW-040,278,24746.23,2025-09-10,6879451.94,Pending,None
INV000347,V0016,"Rogers, Gonzalez and Ferrell",PO000424,RAW-003,234,11793.53,2025-06-01,2759686.02,Pending,None
INV000348,V0035,Wilson-Acosta,PO000058,RAW-036,14,33426.37,2025-07-28,467969.18,Pending,None
INV000349,V0001,Hill-Burgess,PO000027,RAW-026,19,5682.2,2025-07-13,107961.8,Pending,None
INV000350,V0020,Carney-Black,PO000428,IT-016,295,47431.16,2025-07-16,13992192.2,Pending,None
INV000351,V0022,"Stuart, Dickerson and Hopkins",PO000076,IT-030,459,48522.99,2025-05-27,22272052.41,Pending,None
INV000352,V0038,Alexander Group,PO000159,IT-069,305,2107.56,2025-05-22,642805.8,Pending,None
INV000353,V0020,Carney-Black,PO000378,IT-077,404,14521.31,2025-07-01,5866609.24,Pending,None
INV000354,V0023,Anderson-Swanson,PO000057,IT-063,199,14320.87,2025-05-27,2849853.13,Pending,None
INV000355,V0043,"Thornton, Osborne and Goodwin",PO000248,RAW-025,320,22158.0,2025-09-01,7090560.0,Pending,None
INV000356,V0036,"Ray, Doyle and Evans",PO000229,IT-098,315,26574.79,2025-07-24,8371058.85,Pending,None
INV000357,V0018,"Rogers, Tran and Shea",PO000316,RAW-009,50,21587.3,2025-06-03,1079365.0,Pending,None
INV000358,V0046,"Lopez, Nelson and Martin",PO000295,IT-038,80,2011.33,2025-07-24,160906.4,Pending,None
INV000359,V0020,Carney-Black,PO000083,IT-084,192,34890.7,2025-08-19,6699014.4,Pending,None
INV000360,V0048,"Guerra, Kelly and Burns",PO000260,IT-057,180,38977.98,2025-08-05,7016036.4,Pending,None
INV000361,V0006,Campbell-Gentry,PO000111,IT-035,453,23138.75,2025-08-31,10481853.75,Pending,None
INV000362,V0041,Vasquez-Ward,PO000429,RAW-043,263,2439.52,2025-08-11,641593.76,Pending,None
INV000363,V0015,Johnson-Williamson,PO000019,RAW-031,262,4636.38,2025-06-12,1214731.56,Pending,None
INV000364,V0041,Vasquez-Ward,PO000209,IT-078,342,20473.96,2025-08-18,7002094.32,Pending,None
INV000365,V0023,Anderson-Swanson,PO000381,IT-075,31,14452.75,2025-07-02,448035.25,Pending,None
INV000366,V0027,Drake-Diaz,PO000415,IT-035,402,32112.1,2025-07-08,12909064.2,Pending,None
INV000367,V0030,Hicks Group,PO000092,RAW-048,109,35945.46,2025-08-19,3918055.14,Pending,None
INV000368,V0023,Anderson-Swanson,PO000068,IT-064,351,5229.4,2025-06-17,1835519.4,Pending,None
INV000369,V0001,Hill-Burgess,PO000419,IT-077,247,33707.64,2025-04-28,8325787.08,Pending,None
INV000370,V0027,Drake-Diaz,PO000303,IT-022,278,48735.26,2025-07-13,13548402.28,Pending,None
INV000371,V0020,Carney-Black,PO000318,RAW-010,95,34519.26,2025-08-29,3279329.7,Pending,None
INV000372,V0011,"Cox, Thomas and Todd",PO000401,RAW-029,482,44766.41,2025-09-03,21577409.62,Pending,None
INV000373,V0019,Park-Harris,PO000395,IT-050,99,30586.63,2025-10-07,3028076.37,Pending,None
INV000374,V0005,"Garcia, Alvarez and Parker",PO000437,RAW-044,121,24021.77,2025-07-09,2906634.17,Pending,None
INV000375,V0005,"Garcia, Alvarez and Parker",PO000310,IT-010,160,10159.39,2025-08-23,1625502.4,Pending,None
INV000376,V0039,Harvey and Sons,PO000013,RAW-037,383,12316.07,2025-06-05,4717054.81,Pending,None
INV000377,V0036,"Ray, Doyle and Evans",PO000205,IT-024,414,19789.27,2025-08-24,8192757.78,Pending,None
INV000378,V0008,Riley-Stevens,PO000409,RAW-050,260,4637.99,2025-07-17,1205877.4,Pending,None
INV000379,V0020,Carney-Black,PO000474,IT-093,383,13561.35,2025-09-01,5193997.05,Pending,None
INV000380,V0028,Webb LLC,PO000039,RAW-020,452,36480.88,2025-08-28,16489357.76,Pending,None
INV000381,V0031,Houston Ltd,PO009076,RAW-026,136,8759.45,2025-09-22,1191285.2,Pending,No_PO
INV000382,V0016,"Rogers, Gonzalez and Ferrell",PO009051,RAW-030,94,9716.38,2025-09-19,913339.72,Pending,No_PO
INV000383,V0036,"Ray, Doyle and Evans",PO009836,IT-061,174,4097.06,2025-09-14,712888.44,Pending,No_PO
INV000384,V0030,Hicks Group,PO009458,IT-023,123,8111.98,2025-10-09,997773.54,Pending,No_PO
INV000385,V0032,Sosa PLC,PO009509,IT-005,124,3502.58,2025-09-15,434319.92,Pending,No_PO
INV000386,V0026,"Jones, Rivera and Williams",PO009562,IT-001,115,840.4,2025-10-08,96646.0,Pending,No_PO
INV000387,V0006,Campbell-Gentry,PO009652,IT-078,164,9650.13,2025-10-10,1582621.32,Pending,No_PO
INV000388,V0033,Duarte-Hopkins,PO009687,RAW-017,153,2465.09,2025-10-12,377158.77,Pending,No_PO
INV000389,V0022,"Stuart, Dickerson and Hopkins",PO009836,IT-058,103,8340.45,2025-10-09,859066.35,Pending,No_PO
INV000390,V0030,Hicks Group,PO009634,RAW-022,94,5821.43,2025-10-04,547214.42,Pending,No_PO
INV000391,V0043,"Thornton, Osborne and Goodwin",PO009116,IT-025,103,7301.18,2025-10-06,752021.54,Pending,No_PO
INV000392,V0043,"Thornton, Osborne and Goodwin",PO009363,IT-075,66,520.87,2025-09-29,34377.42,Pending,No_PO
INV000393,V0034,"Casey, Cook and Brown",PO009046,IT-043,105,7169.91,2025-09-27,752840.55,Pending,No_PO
INV000394,V0009,"Wood, Mays and Williams",PO009419,IT-028,193,7553.85,2025-09-20,1457893.05,Pending,No_PO
INV000395,V0040,Caldwell-Thomas,PO009952,RAW-001,60,2281.66,2025-09-18,136899.6,Pending,No_PO
INV000396,V0030,Hicks Group,PO009110,RAW-007,58,7309.49,2025-09-13,423950.42,Pending,No_PO
INV000397,V0041,Vasquez-Ward,PO009790,RAW-016,182,6093.71,2025-09-26,1109055.22,Pending,No_PO
INV000398,V0043,"Thornton, Osborne and Goodwin",PO009137,RAW-028,160,9583.81,2025-09-12,1533409.6,Pending,No_PO
INV000399,V0034,"Casey, Cook and Brown",PO009957,RAW-011,198,961.43,2025-10-08,190363.14,Pending,No_PO
INV000400,V0038,Alexander Group,PO009799,IT-046,133,9281.52,2025-10-04,1234442.16,Pending,No_PO
INV000401,V0038,Alexander Group,PO009131,IT-027,54,7439.7,2025-09-24,401743.8,Pending,No_PO
INV000402,V0043,"Thornton, Osborne and Goodwin",PO009329,RAW-030,163,6258.53,2025-10-10,1020140.39,Pending,No_PO
INV000403,V0025,"Blair, Davidson and Mitchell",PO009937,IT-064,117,9805.26,2025-09-20,1147215.42,Pending,No_PO
INV000404,V0026,"Jones, Rivera and Williams",PO009463,IT-035,97,9719.67,2025-09-16,942807.99,Pending,No_PO
INV000405,V0027,Drake-Diaz,PO009766,RAW-032,164,7150.14,2025-09-21,1172622.96,Pending,No_PO
INV000406,V0045,Cooke PLC,PO009728,RAW-042,150,8676.72,2025-10-02,1301508.0,Pending,No_PO
INV000407,V0014,"Rodriguez, Coleman and Bennett",PO009731,IT-075,61,2492.27,2025-10-03,152028.47,Pending,No_PO
INV000408,V0023,Anderson-Swanson,PO009727,IT-046,182,1760.38,2025-09-28,320389.16,Pending,No_PO
INV000409,V0035,Wilson-Acosta,PO009727,IT-030,187,6550.34,2025-10-06,1224913.58,Pending,No_PO
INV000410,V0023,Anderson-Swanson,PO009584,RAW-007,153,5063.51,2025-10-03,774717.03,Pending,No_PO
INV000411,V0038,Alexander Group,PO000077,IT-010,104,29868.91,2025-07-07,3106366.64,Pending,Qty_Overbilling
INV000412,V0007,Garcia-Jordan,PO000124,IT-093,278,44589.59,2025-08-24,12395906.02,Pending,Qty_Overbilling
INV000413,V0036,"Ray, Doyle and Evans",PO000004,RAW-040,229,11099.99,2025-06-15,2541897.71,Pending,Qty_Overbilling
INV000414,V0012,"Garcia, Griffith and Nash",PO000390,RAW-002,424,24819.66,2025-05-22,10523535.84,Pending,Qty_Overbilling
INV000415,V0039,Harvey and Sons,PO000369,IT-068,374,39166.91,2025-09-08,14648424.34,Pending,Qty_Overbilling
INV000416,V0035,Wilson-Acosta,PO000494,IT-093,377,44785.53,2025-05-13,16884144.81,Pending,Qty_Overbilling
INV000417,V0030,Hicks Group,PO000354,IT-079,272,1256.5,2025-08-31,341768.0,Pending,Qty_Overbilling
INV000418,V0012,"Garcia, Griffith and Nash",PO000390,RAW-002,435,24819.66,2025-06-03,10796552.1,Pending,Qty_Overbilling
INV000419,V0045,Cooke PLC,PO000105,RAW-048,219,23901.29,2025-05-11,5234382.51,Pending,Qty_Overbilling
INV000420,V0008,Riley-Stevens,PO000168,IT-062,421,8003.07,2025-04-30,3369292.47,Pending,Qty_Overbilling
INV000421,V0042,Flores-Brooks,PO000346,RAW-024,149,40253.94,2025-08-06,5997837.06,Pending,Qty_Overbilling
INV000422,V0027,Drake-Diaz,PO000151,RAW-021,167,1728.73,2025-09-17,288697.91,Pending,Qty_Overbilling
INV000423,V0044,Marsh-Matthews,PO000275,IT-086,66,16551.57,2025-05-29,1092403.62,Pending,Qty_Overbilling
INV000424,V0020,Carney-Black,PO000428,IT-016,334,47431.16,2025-07-06,15842007.44,Pending,Qty_Overbilling
INV000425,V0029,Hammond and Sons,PO000270,IT-049,201,30289.79,2025-10-06,6088247.79,Pending,Qty_Overbilling
INV000426,V0034,"Casey, Cook and Brown",PO000033,IT-031,169,11312.4,2025-08-24,1911795.6,Pending,Qty_Overbilling
INV000427,V0018,"Rogers, Tran and Shea",PO000042,IT-064,501,46170.95,2025-09-21,23131645.95,Pending,Qty_Overbilling
INV000428,V0028,Webb LLC,PO000255,RAW-018,529,3985.34,2025-05-03,2108244.86,Pending,Qty_Overbilling
INV000429,V0027,Drake-Diaz,PO000038,IT-025,99,32983.24,2025-06-22,3265340.76,Pending,Qty_Overbilling
INV000430,V0004,Brown-Lee,PO000452,RAW-025,37,429.96,2025-09-17,15908.52,Pending,Qty_Overbilling
INV000431,V0043,"Thornton, Osborne and Goodwin",PO000248,RAW-025,366,22158.0,2025-08-29,8109828.0,Pending,Qty_Overbilling
INV000432,V0010,Stephenson-Levy,PO000006,IT-087,91,4728.02,2025-06-26,430249.82,Pending,Qty_Overbilling
INV000433,V0017,Jenkins-Lee,PO000358,RAW-004,234,2357.6,2025-08-03,551678.4,Pending,Qty_Overbilling
INV000434,V0025,"Blair, Davidson and Mitchell",PO000245,RAW-017,178,7954.72,2025-09-01,1415940.16,Pending,Qty_Overbilling
INV000435,V0040,Caldwell-Thomas,PO000082,IT-032,427,45012.34,2025-08-04,19220269.18,Pending,Qty_Overbilling
INV000436,V0036,"Ray, Doyle and Evans",PO000004,RAW-040,224,12420.07,2025-06-13,2782095.54,Pending,Price_Variance
INV000437,V0031,Houston Ltd,PO000374,IT-036,275,12364.67,2025-05-19,3400284.11,Pending,Price_Variance
INV000438,V0039,Harvey and Sons,PO000147,RAW-034,204,29251.14,2025-06-28,5967233.08,Pending,Price_Variance
INV000439,V0014,"Rodriguez, Coleman and Bennett",PO000130,IT-067,184,18180.21,2025-07-27,3345158.19,Pending,Price_Variance
INV000440,V0008,Riley-Stevens,PO000409,RAW-050,260,5159.59,2025-07-07,1341494.47,Pending,Price_Variance
INV000441,V0004,Brown-Lee,PO000104,RAW-008,209,51975.2,2025-07-05,10862816.04,Pending,Price_Variance
INV000442,V0040,Caldwell-Thomas,PO000483,RAW-018,64,8633.63,2025-06-21,552552.18,Pending,Price_Variance
INV000443,V0023,Anderson-Swanson,PO000068,IT-064,351,6244.86,2025-06-14,2191944.47,Pending,Price_Variance
INV000444,V0038,Alexander Group,PO000489,IT-047,359,49279.5,2025-09-14,17691341.99,Pending,Price_Variance
INV000445,V0004,Brown-Lee,PO000217,IT-063,74,49008.57,2025-08-11,3626634.5,Pending,Price_Variance
INV000446,V0031,Houston Ltd,PO000374,IT-036,275,13094.19,2025-05-15,3600902.57,Pending,Price_Variance
INV000447,V0004,Brown-Lee,PO000226,RAW-003,228,42930.83,2025-09-06,9788228.66,Pending,Price_Variance
INV000448,V0004,Brown-Lee,PO000433,RAW-006,223,35094.18,2025-09-17,7826002.29,Pending,Price_Variance
INV000449,V0020,Carney-Black,PO000028,IT-015,133,51197.52,2025-07-02,6809270.15,Pending,Price_Variance
INV000450,V0040,Caldwell-Thomas,PO000483,RAW-018,64,8897.64,2025-06-09,569448.9,Pending,Price_Variance
INV000451,V0023,Anderson-Swanson,PO000195,IT-076,368,16990.45,2025-09-30,6252484.28,Pending,Price_Variance
INV000452,V0024,Meza PLC,PO000333,RAW-042,76,38285.02,2025-09-06,2909661.14,Pending,Price_Variance
INV000453,V0020,Carney-Black,PO000146,IT-064,70,33025.06,2025-06-11,2311754.11,Pending,Price_Variance
INV000454,V0033,Duarte-Hopkins,PO000363,IT-012,29,8069.25,2025-05-02,234008.28,Pending,Price_Variance
INV000455,V0019,Park-Harris,PO000454,RAW-029,426,39627.76,2025-05-16,16881426.81,Pending,Price_Variance
INV000456,V0046,"Lopez, Nelson and Martin",PO000272,RAW-030,341,8830.0,2025-05-29,3011030.0,Pending,Duplicate
INV000457,V0027,Drake-Diaz,PO000151,RAW-021,159,1715.22,2025-09-22,272719.98,Pending,Duplicate
INV000458,V0029,Hammond and Sons,PO000410,RAW-017,72,25623.62,2025-06-04,1844900.64,Pending,Duplicate
INV000459,V0010,Stephenson-Levy,PO000228,IT-033,152,31004.83,2025-05-14,4712734.16,Pending,Duplicate
INV000460,V0041,Vasquez-Ward,PO000209,IT-078,341,20524.69,2025-08-23,6998919.29,Pending,Duplicate
INV000461,V0028,Webb LLC,PO000396,IT-084,55,19956.01,2025-09-16,1097580.55,Pending,Duplicate
INV000462,V0026,"Jones, Rivera and Williams",PO000440,RAW-042,173,39182.24,2025-07-25,6778527.52,Pending,Duplicate
INV000463,V0018,"Rogers, Tran and Shea",PO000141,IT-014,293,14660.11,2025-05-28,4295412.23,Pending,Duplicate
INV000464,V0017,Jenkins-Lee,PO000398,IT-061,239,38462.9,2025-08-02,9192633.1,Pending,Duplicate
INV000465,V0024,Meza PLC,PO000281,IT-093,166,9186.69,2025-05-23,1524990.54,Pending,Duplicate
INV000466,V0030,Hicks Group,PO000095,RAW-043,136,46667.93,2025-05-24,6346838.48,Pending,Duplicate
INV000467,V0032,Sosa PLC,PO000470,IT-092,291,47556.09,2025-07-09,13838822.19,Pending,Duplicate
INV000468,V0018,"Rogers, Tran and Shea",PO000005,IT-041,368,21558.79,2025-05-17,7933634.72,Pending,Duplicate
INV000469,V0038,Alexander Group,PO000413,IT-012,227,17252.18,2025-05-22,3916244.86,Pending,Duplicate
INV000470,V0017,Jenkins-Lee,PO000114,RAW-021,17,38126.15,2025-05-24,648144.55,Pending,Duplicate
INV000471,V0005,"Garcia, Alvarez and Parker",PO000021,IT-098,315,49806.46,2025-08-10,15689034.9,Pending,No_GR
INV000472,V0017,Jenkins-Lee,PO000022,IT-003,358,36064.02,2025-09-23,12910919.16,Pending,No_GR
INV000473,V0038,Alexander Group,PO000049,RAW-029,480,42650.72,2025-08-21,20472345.6,Pending,No_GR
INV000474,V0005,"Garcia, Alvarez and Parker",PO000051,RAW-004,71,47085.65,2025-06-28,3343081.15,Pending,No_GR
INV000475,V0030,Hicks Group,PO000055,IT-019,14,22968.45,2025-07-15,321558.3,Pending,No_GR
INV000476,V0020,Carney-Black,PO000059,IT-035,145,5859.89,2025-05-26,849684.05,Pending,No_GR
INV000477,V0025,"Blair, Davidson and Mitchell",PO000072,RAW-021,123,10058.68,2025-05-01,1237217.64,Pending,No_GR
INV000478,V0033,Duarte-Hopkins,PO000088,IT-044,347,4331.3,2025-08-22,1502961.1,Pending,No_GR
INV000479,V0032,Sosa PLC,PO000100,IT-071,235,3966.42,2025-06-25,932108.7,Pending,No_GR
INV000480,V0005,"Garcia, Alvarez and Parker",PO000103,RAW-005,179,27176.3,2025-08-04,4864557.7,Pending,No_GR
